Notes from Nature,0,0
Symbiota,0,0
DigiVol,0,0
Smithsonian,0,0
Les Herbonautes,0,0

DigiVol,19,0
Smithsonian,0,0
Les Herbonautes,0,0
DigiVol,19,1
Smithsonian,0,1
Les Herbonautes,0,1
Notes from Nature,6,1
DigiVol,68,2
Smithsonian,0,2
Les Herbonautes,38,2
Notes from Nature,15,2
DigiVol,113,3
Smithsonian,0,3
Les Herbonautes,239,3
Notes from Nature,15,3
DigiVol,114,4
Smithsonian,0,4
Les Herbonautes,410,4
Notes from Nature,56,4
DigiVol,155,5
Smithsonian,0,5
Les Herbonautes,458,5
Notes from Nature,91,5
DigiVol,205,6
Smithsonian,0,6
Les Herbonautes,537,6
Notes from Nature,93,6
DigiVol,235,7
Smithsonian,0,7
Les Herbonautes,625,7
Notes from Nature,108,7
DigiVol,237,8
Smithsonian,145,8
Les Herbonautes,792,8
Notes from Nature,377,8
DigiVol,282,9
Smithsonian,145,9
Les Herbonautes,858,9
Notes from Nature,626,9
DigiVol,352,10
Smithsonian,145,10
Les Herbonautes,905,10
Notes from Nature,898,10
DigiVol,377,11
Les Herbonautes,1012,11
Smithsonian,145,11
Notes from Nature,987,11
DigiVol,388,12
Les Herbonautes,1111,12
Smithsonian,145,12
Notes from Nature,1172,12
DigiVol,388,13
Les Herbonautes,1111,13
Smithsonian,145,13
Notes from Nature,1330,13
DigiVol,411,14
Les Herbonautes,1328,14
Smithsonian,290,14
Notes from Nature,1460,14
DigiVol,510,15
Les Herbonautes,3392,15
Smithsonian,290,15
Notes from Nature,1586,15
DigiVol,607,16
Les Herbonautes,3627,16
Smithsonian,290,16
Notes from Nature,1738,16
DigiVol,673,17
Les Herbonautes,3850,17
Smithsonian,290,17
Notes from Nature,1776,17
DigiVol,715,18
Les Herbonautes,3920,18
Smithsonian,290,18
Notes from Nature,1867,18
DigiVol,720,19
Symbiota,1741,19
Les Herbonautes,3993,19
Smithsonian,290,19
Notes from Nature,1971,19
DigiVol,752,20
Symbiota,1751,20
Les Herbonautes,4036,20
Smithsonian,290,20
Notes from Nature,2002,20
DigiVol,867,21
Symbiota,1766,21
Les Herbonautes,4036,21
Smithsonian,290,21
Notes from Nature,2049,21
DigiVol,935,22
Symbiota,1766,22
Les Herbonautes,4036,22
Smithsonian,290,22
Notes from Nature,2103,22
DigiVol,960,23
Symbiota,1766,23
Les Herbonautes,nn,23
Smithsonian,290,23
Notes from Nature,2215,23
DigiVol,995,24
Symbiota,1766,24
Les Herbonautes,4041,24
Smithsonian,290,24
Notes from Nature,2314,24
DigiVol,1006,25
Symbiota,1766,25
Les Herbonautes,4041,25
Smithsonian,290,25
Notes from Nature,2315,25
DigiVol,1016,26
Symbiota,1766,26
Les Herbonautes,4077,26
Smithsonian,290,26
Notes from Nature,2366,26
DigiVol,1025,27
Symbiota,1766,27
Les Herbonautes,4112,27
Smithsonian,290,27
Notes from Nature,2378,27
DigiVol,1054,28
Symbiota,1766,28
Les Herbonautes,4229,28
Smithsonian,290,28
Notes from Nature,2409,28
DigiVol,1080,29
Symbiota,1766,29
Les Herbonautes,4453,29
Smithsonian,290,29
Notes from Nature,2425,29
DigiVol,1101,30
Symbiota,1766,30
Les Herbonautes,4622,30
Smithsonian,290,30
Notes from Nature,2431,30
DigiVol,1139,31
Symbiota,1766,31
Les Herbonautes,4760,31
Smithsonian,290,31
Notes from Nature,2487,31
DigiVol,1175,32
Symbiota,1766,32
Les Herbonautes,4918,32
Smithsonian,708,32
Notes from Nature,2517,32
DigiVol,1181,33
Symbiota,1766,33
Les Herbonautes,5003,33
Smithsonian,708,33
Notes from Nature,2582,33
DigiVol,1189,34
Symbiota,1779,34
Les Herbonautes,5087,34
Smithsonian,708,34
Notes from Nature,2582,34
DigiVol,1190,35
Symbiota,2001,35
Les Herbonautes,5134,35
Notes from Nature,2754,35
Smithsonian,708,35
DigiVol,1191,36
Symbiota,2184,36
Les Herbonautes,5215,36
Notes from Nature,2931,36
Smithsonian,708,36
DigiVol,1212,37
Symbiota,2328,37
Les Herbonautes,5331,37
Notes from Nature,1146,37
Smithsonian,708,37
DigiVol,1252,38
Symbiota,2345,38
Notes from Nature,1269,38
Les Herbonautes,5416,38
Smithsonian,708,38
DigiVol,1253,39
Symbiota,2557,39
Les Herbonautes,5529,39
Notes from Nature,1401,39
Smithsonian,708,39
DigiVol,1276,40
Symbiota,2743,40
Les Herbonautes,5664,40
Notes from Nature,1606,40
Smithsonian,708,40
DigiVol,1291,41
Symbiota,2961,41
Les Herbonautes,5729,41
Notes from Nature,1730,41
Smithsonian,708,41
DigiVol,1360,42
Symbiota,3008,42
Les Herbonautes,5799,42
Notes from Nature,1848,42
Smithsonian,708,42
DigiVol,1371,43
Symbiota,3035,43
Les Herbonautes,5871,43
Notes from Nature,1977,43
Smithsonian,708,43
DigiVol,1480,44
Symbiota,3043,44
Les Herbonautes,5899,44
Notes from Nature,2079,44
Smithsonian,708,44
DigiVol,1580,45
Symbiota,3070,45
Les Herbonautes,5899,45
Notes from Nature,2159,45
Smithsonian,708,45
DigiVol,1595,46
Symbiota,3079,46
Les Herbonautes,5899,46
Notes from Nature,2276,46
Smithsonian,708,46
DigiVol,1713,47
Symbiota,3086,47
Notes from Nature,2320,47
Les Herbonautes,5899,47
Smithsonian,708,47
DigiVol,1860,48
Symbiota,3099,48
Notes from Nature,2389,48
Les Herbonautes,5899,48
Smithsonian,708,48
DigiVol,2011,49
Symbiota,3117,49
Notes from Nature,2436,49
Les Herbonautes,5899,49
Smithsonian,708,49
DigiVol,2142,50
Symbiota,3128,50
Les Herbonautes,5912,50
Notes from Nature,2437,50
Smithsonian,708,50
DigiVol,2183,51
Symbiota,3128,51
Les Herbonautes,6006,51
Notes from Nature,2452,51
Smithsonian,708,51
DigiVol,2223,52
Symbiota,3128,52
Les Herbonautes,6058,52
Notes from Nature,2453,52
Smithsonian,708,52
DigiVol,2230,53
Symbiota,3128,53
Les Herbonautes,6175,53
Notes from Nature,2463,53
Smithsonian,708,53
DigiVol,2239,54
Symbiota,3143,54
Les Herbonautes,6310,54
Notes from Nature,2472,54
Smithsonian,708,54
DigiVol,2246,55
Symbiota,3150,55
Les Herbonautes,6468,55
Notes from Nature,2486,55
Smithsonian,708,55
DigiVol,2260,56
Symbiota,3167,56
Les Herbonautes,6506,56
Smithsonian,1042,56
Notes from Nature,2519,56
DigiVol,2269,57
Symbiota,3176,57
Les Herbonautes,6571,57
Notes from Nature,2654,57
Smithsonian,1042,57
DigiVol,2277,58
Symbiota,3193,58
Les Herbonautes,6667,58
Notes from Nature,2984,58
Smithsonian,1042,58
DigiVol,2302,59
Symbiota,3401,59
Les Herbonautes,6756,59
Notes from Nature,3379,59
Smithsonian,1042,59
DigiVol,2346,60
Symbiota,3511,60
Les Herbonautes,6917,60
Notes from Nature,3826,60
Smithsonian,1042,60
DigiVol,2365,61
Symbiota,3638,61
Les Herbonautes,7077,61
Notes from Nature,3887,61
Smithsonian,1042,61
DigiVol,2378,62
Symbiota,3661,62
Les Herbonautes,7310,62
Notes from Nature,4339,62
Smithsonian,1042,62
DigiVol,2382,63
Symbiota,3921,63
Les Herbonautes,7483,63
Notes from Nature,4718,63
Smithsonian,1042,63
DigiVol,2385,64
Symbiota,4434,64
Les Herbonautes,7686,64
Notes from Nature,5294,64
Smithsonian,1042,64
DigiVol,2440,65
Symbiota,4804,65
Les Herbonautes,7749,65
Notes from Nature,6153,65
Smithsonian,1042,65
DigiVol,2495,66
Symbiota,5008,66
Les Herbonautes,7822,66
Notes from Nature,6436,66
Smithsonian,1042,66
DigiVol,2525,67
Symbiota,5023,67
Les Herbonautes,7822,67
Notes from Nature,6549,67
Smithsonian,1042,67
DigiVol,2588,68
Symbiota,5027,68
Notes from Nature,6578,68
Les Herbonautes,7822,68
Smithsonian,1042,68
DigiVol,2681,69
Symbiota,5033,69
Notes from Nature,6635,69
Les Herbonautes,7822,69
Smithsonian,1042,69
DigiVol,2801,70
Symbiota,5059,70
Notes from Nature,6662,70
Les Herbonautes,7822,70
Smithsonian,1042,70
DigiVol,2905,71
Symbiota,5070,71
Notes from Nature,6722,71
Les Herbonautes,7822,71
Smithsonian,1042,71
DigiVol,2960,72
Symbiota,5074,72
Notes from Nature,6743,72
Les Herbonautes,7822,72
Smithsonian,1042,72
DigiVol,3016,73
Symbiota,5080,73
Notes from Nature,6787,73
Les Herbonautes,7822,73
Smithsonian,1042,73
DigiVol,3045,74
Symbiota,5080,74
Notes from Nature,6834,74
Les Herbonautes,7822,74
Smithsonian,1042,74
DigiVol,3077,75
Symbiota,5080,75
Les Herbonautes,7837,75
Notes from Nature,6842,75
Smithsonian,1042,75
DigiVol,3104,76
Symbiota,5080,76
Les Herbonautes,8035,76
Notes from Nature,6865,76
Smithsonian,1042,76
DigiVol,3163,77
Symbiota,5080,77
Les Herbonautes,8227,77
Notes from Nature,6872,77
Smithsonian,1042,77
DigiVol,3209,78
Symbiota,5080,78
Les Herbonautes,8339,78
Notes from Nature,6891,78
Smithsonian,1042,78
DigiVol,3214,79
Symbiota,5080,79
Les Herbonautes,8475,79
Notes from Nature,6923,79
Smithsonian,1042,79
DigiVol,3229,80
Symbiota,5080,80
Les Herbonautes,8586,80
Smithsonian,1322,80
Notes from Nature,6925,80
DigiVol,3231,81
Symbiota,5082,81
Les Herbonautes,8724,81
Notes from Nature,6941,81
Smithsonian,1322,81
DigiVol,3235,82
Symbiota,5104,82
Les Herbonautes,8777,82
Notes from Nature,6949,82
Smithsonian,1322,82
DigiVol,3235,83
Symbiota,5189,83
Les Herbonautes,8887,83
Notes from Nature,7140,83
Smithsonian,1322,83
DigiVol,3235,84
Symbiota,5254,84
Les Herbonautes,9014,84
Notes from Nature,7504,84
Smithsonian,1322,84
DigiVol,3236,85
Symbiota,5372,85
Les Herbonautes,9226,85
Smithsonian,1322,85
Notes from Nature,7912,85
DigiVol,3236,86
Symbiota,5393,86
Les Herbonautes,9342,86
Notes from Nature,8054,86
Smithsonian,1322,86
DigiVol,3236,87
Symbiota,5441,87
Les Herbonautes,9494,87
Notes from Nature,8215,87
Smithsonian,1322,87
DigiVol,3241,88
Symbiota,5542,88
Les Herbonautes,9716,88
Notes from Nature,8321,88
Smithsonian,1322,88
DigiVol,3269,89
Symbiota,5676,89
Les Herbonautes,9841,89
Notes from Nature,8446,89
Smithsonian,1322,89
DigiVol,3325,90
Symbiota,5690,90
Les Herbonautes,9991,90
Notes from Nature,8536,90
Smithsonian,1322,90
DigiVol,3359,91
Symbiota,5740,91
Les Herbonautes,10053,91
Notes from Nature,8617,91
Smithsonian,1322,91
DigiVol,3387,92
Symbiota,5779,92
Les Herbonautes,10053,92
Notes from Nature,8748,92
Smithsonian,1322,92
DigiVol,3399,93
Symbiota,5834,93
Notes from Nature,8870,93
Les Herbonautes,10053,93
Smithsonian,1322,93
DigiVol,3418,94
Symbiota,5856,94
Les Herbonautes,10055,94
Notes from Nature,8921,94
Smithsonian,1322,94
DigiVol,3449,95
Symbiota,5875,95
Les Herbonautes,10058,95
Notes from Nature,8997,95
Smithsonian,1322,95
DigiVol,3502,96
Symbiota,5889,96
Notes from Nature,9080,96
Les Herbonautes,10058,96
Smithsonian,1322,96
DigiVol,3550,97
Symbiota,5912,97
Notes from Nature,9126,97
Les Herbonautes,10066,97
Smithsonian,1322,97
DigiVol,3588,98
Symbiota,5934,98
Notes from Nature,9174,98
Les Herbonautes,10073,98
Smithsonian,1322,98
DigiVol,3603,99
Symbiota,5934,99
Les Herbonautes,10084,99
Notes from Nature,9177,99
Smithsonian,1322,99
DigiVol,3608,100
Symbiota,5934,100
Les Herbonautes,10114,100
Notes from Nature,9194,100
Smithsonian,1322,100
DigiVol,3611,101
Symbiota,5934,101
Les Herbonautes,10213,101
Notes from Nature,9203,101
Smithsonian,1322,101
DigiVol,3620,102
Symbiota,5934,102
Les Herbonautes,10235,102
Notes from Nature,9231,102
Smithsonian,1322,102
DigiVol,3624,103
Symbiota,5934,103
Les Herbonautes,10294,103
Notes from Nature,9238,103
Smithsonian,1322,103
DigiVol,3637,104
Symbiota,5934,104
Les Herbonautes,10340,104
Smithsonian,1526,104
Notes from Nature,9248,104
DigiVol,3642,105
Symbiota,5934,105
Les Herbonautes,10350,105
Notes from Nature,9293,105
Smithsonian,1526,105
DigiVol,3694,106
Symbiota,5936,106
Les Herbonautes,10442,106
Notes from Nature,9321,106
Smithsonian,1526,106
DigiVol,3759,107
Symbiota,6123,107
Les Herbonautes,10557,107
Notes from Nature,9381,107
Smithsonian,1526,107
DigiVol,3761,108
Symbiota,6337,108
Notes from Nature,9477,108
Les Herbonautes,10678,108
Smithsonian,1526,108
DigiVol,3761,109
Symbiota,6377,109
Les Herbonautes,10846,109
Notes from Nature,9514,109
Smithsonian,1526,109
DigiVol,3766,110
Symbiota,7349,110
Notes from Nature,9541,110
Les Herbonautes,11115,110
Smithsonian,1526,110
DigiVol,3766,111
Symbiota,7445,111
Les Herbonautes,11216,111
Notes from Nature,9619,111
Smithsonian,1526,111
DigiVol,3766,112
Symbiota,7583,112
Les Herbonautes,11297,112
Notes from Nature,9699,112
Smithsonian,1526,112
DigiVol,3768,113
Symbiota,7705,113
Les Herbonautes,11391,113
Notes from Nature,9767,113
Smithsonian,1526,113
DigiVol,3830,114
Symbiota,7771,114
Les Herbonautes,11516,114
Notes from Nature,9829,114
Smithsonian,1526,114
DigiVol,3893,115
Symbiota,7774,115
Les Herbonautes,11570,115
Notes from Nature,9868,115
Smithsonian,1526,115
DigiVol,3934,116
Symbiota,7778,116
Les Herbonautes,11599,116
Notes from Nature,9910,116
Smithsonian,1526,116
DigiVol,3957,117
Symbiota,7785,117
Notes from Nature,9980,117
Les Herbonautes,11641,117
Smithsonian,1526,117
DigiVol,4020,118
Symbiota,7787,118
Notes from Nature,10027,118
Les Herbonautes,11641,118
Smithsonian,1526,118
DigiVol,4041,119
Symbiota,7787,119
Notes from Nature,10070,119
Les Herbonautes,11643,119
Smithsonian,1526,119
DigiVol,4064,120
Symbiota,7787,120
Notes from Nature,10089,120
Les Herbonautes,11643,120
Smithsonian,1526,120
DigiVol,4101,121
Symbiota,7907,121
Notes from Nature,10097,121
Smithsonian,1526,121
Les Herbonautes,11643,121
DigiVol,4165,122
Symbiota,7907,122
Smithsonian,1526,122
Notes from Nature,10100,122
Les Herbonautes,11643,122
DigiVol,4193,123
Symbiota,7908,123
Notes from Nature,10114,123
Les Herbonautes,11669,123
Smithsonian,1526,123
DigiVol,4216,124
Symbiota,7922,124
Les Herbonautes,11689,124
Notes from Nature,10133,124
Smithsonian,1526,124
DigiVol,4242,125
Symbiota,7932,125
Les Herbonautes,11695,125
Notes from Nature,10171,125
Smithsonian,1526,125
DigiVol,4259,126
Symbiota,7932,126
Les Herbonautes,11750,126
Notes from Nature,10197,126
Smithsonian,1526,126
DigiVol,4271,127
Symbiota,7932,127
Les Herbonautes,11849,127
Notes from Nature,10207,127
Smithsonian,1526,127
DigiVol,4272,128
Symbiota,7932,128
Les Herbonautes,11936,128
Smithsonian,1809,128
Notes from Nature,10228,128
DigiVol,4281,129
Symbiota,7932,129
Les Herbonautes,12002,129
Notes from Nature,10238,129
Smithsonian,1809,129
